run,input_size,threads,num_chunks,,copied_elements,duration_us
1,100000,1,0,0,2343,656
2,100000,1,0,0,2343,644
3,100000,1,0,0,2343,611
4,100000,1,0,0,2343,608
5,100000,1,0,0,2343,708
6,100000,1,0,0,2343,616
7,100000,1,0,0,2343,627
8,100000,1,0,0,2343,620
9,100000,1,0,0,2343,617
10,100000,1,0,0,2343,637
1,100000,1,1,1,2343,590
2,100000,1,1,1,2343,573
3,100000,1,1,1,2343,588
4,100000,1,1,1,2343,571
5,100000,1,1,1,2343,581
6,100000,1,1,1,2343,583
7,100000,1,1,1,2343,575
8,100000,1,1,1,2343,602
9,100000,1,1,1,2343,585
10,100000,1,1,1,2343,574
1,100000,1,2,2,2343,595
2,100000,1,2,2,2343,587
3,100000,1,2,2,2343,624
4,100000,1,2,2,2343,598
5,100000,1,2,2,2343,576
6,100000,1,2,2,2343,607
7,100000,1,2,2,2343,578
8,100000,1,2,2,2343,621
9,100000,1,2,2,2343,600
10,100000,1,2,2,2343,578
1,10000000,1,0,0,237619,36057
2,10000000,1,0,0,237619,35365
3,10000000,1,0,0,237619,35410
4,10000000,1,0,0,237619,35628
5,10000000,1,0,0,237619,36473
6,10000000,1,0,0,237619,37227
7,10000000,1,0,0,237619,46152
8,10000000,1,0,0,237619,37206
9,10000000,1,0,0,237619,36421
10,10000000,1,0,0,237619,37488
1,10000000,1,1,1,237619,34883
2,10000000,1,1,1,237619,34767
3,10000000,1,1,1,237619,34925
4,10000000,1,1,1,237619,35023
5,10000000,1,1,1,237619,34840
6,10000000,1,1,1,237619,34828
7,10000000,1,1,1,237619,34847
8,10000000,1,1,1,237619,34758
9,10000000,1,1,1,237619,34937
10,10000000,1,1,1,237619,34598
1,10000000,1,2,2,237619,34987
2,10000000,1,2,2,237619,34590
3,10000000,1,2,2,237619,34859
4,10000000,1,2,2,237619,34811
5,10000000,1,2,2,237619,34707
6,10000000,1,2,2,237619,34878
7,10000000,1,2,2,237619,34860
8,10000000,1,2,2,237619,34679
9,10000000,1,2,2,237619,34662
10,10000000,1,2,2,237619,34610
1,1000000000,1,0,0,23813338,4145961
2,1000000000,1,0,0,23813338,4186718
3,1000000000,1,0,0,23813338,4219743
4,1000000000,1,0,0,23813338,4187585
5,1000000000,1,0,0,23813338,4226072
6,1000000000,1,0,0,23813338,4247414
7,1000000000,1,0,0,23813338,4238335
8,1000000000,1,0,0,23813338,4254190
9,1000000000,1,0,0,23813338,4246900
10,1000000000,1,0,0,23813338,4232943
1,1000000000,1,1,1,23813338,4029899
2,1000000000,1,1,1,23813338,4028234
3,1000000000,1,1,1,23813338,3994331
4,1000000000,1,1,1,23813338,4003194
5,1000000000,1,1,1,23813338,3995578
6,1000000000,1,1,1,23813338,4027232
7,1000000000,1,1,1,23813338,4044707
8,1000000000,1,1,1,23813338,4023366
9,1000000000,1,1,1,23813338,3989012
10,1000000000,1,1,1,23813338,4012599
1,1000000000,1,2,2,23813338,4041454
2,1000000000,1,2,2,23813338,3993416
3,1000000000,1,2,2,23813338,4158598
4,1000000000,1,2,2,23813338,4030980
5,1000000000,1,2,2,23813338,4074069
6,1000000000,1,2,2,23813338,3972880
7,1000000000,1,2,2,23813338,4077644
8,1000000000,1,2,2,23813338,4024028
9,1000000000,1,2,2,23813338,4018486
10,1000000000,1,2,2,23813338,3995013
1,100000,2,0,0,2343,551
2,100000,2,0,0,2343,431
3,100000,2,0,0,2343,376
4,100000,2,0,0,2343,385
5,100000,2,0,0,2343,376
6,100000,2,0,0,2343,371
7,100000,2,0,0,2343,381
8,100000,2,0,0,2343,385
9,100000,2,0,0,2343,420
10,100000,2,0,0,2343,371
1,100000,2,1,1,2343,339
2,100000,2,1,1,2343,354
3,100000,2,1,1,2343,352
4,100000,2,1,1,2343,363
5,100000,2,1,1,2343,558
6,100000,2,1,1,2343,460
7,100000,2,1,1,2343,354
8,100000,2,1,1,2343,356
9,100000,2,1,1,2343,535
10,100000,2,1,1,2343,509
1,100000,2,2,2,2343,351
2,100000,2,2,2,2343,338
3,100000,2,2,2,2343,345
4,100000,2,2,2,2343,354
5,100000,2,2,2,2343,358
6,100000,2,2,2,2343,347
7,100000,2,2,2,2343,351
8,100000,2,2,2,2343,347
9,100000,2,2,2,2343,364
10,100000,2,2,2,2343,353
1,10000000,2,0,0,237619,20087
2,10000000,2,0,0,237619,19331
3,10000000,2,0,0,237619,19931
4,10000000,2,0,0,237619,19750
5,10000000,2,0,0,237619,19662
6,10000000,2,0,0,237619,19692
7,10000000,2,0,0,237619,19574
8,10000000,2,0,0,237619,19663
9,10000000,2,0,0,237619,19642
10,10000000,2,0,0,237619,19444
1,10000000,2,1,1,237619,18736
2,10000000,2,1,1,237619,18502
3,10000000,2,1,1,237619,18315
4,10000000,2,1,1,237619,18211
5,10000000,2,1,1,237619,18454
6,10000000,2,1,1,237619,18548
7,10000000,2,1,1,237619,18417
8,10000000,2,1,1,237619,18240
9,10000000,2,1,1,237619,18185
10,10000000,2,1,1,237619,18593
1,10000000,2,2,2,237619,18599
2,10000000,2,2,2,237619,18544
3,10000000,2,2,2,237619,18573
4,10000000,2,2,2,237619,18916
5,10000000,2,2,2,237619,18626
6,10000000,2,2,2,237619,18867
7,10000000,2,2,2,237619,18836
8,10000000,2,2,2,237619,18441
9,10000000,2,2,2,237619,18668
10,10000000,2,2,2,237619,18453
1,1000000000,2,0,0,23813338,2376872
2,1000000000,2,0,0,23813338,2374500
3,1000000000,2,0,0,23813338,2355626
4,1000000000,2,0,0,23813338,2352208
5,1000000000,2,0,0,23813338,2356421
6,1000000000,2,0,0,23813338,2346235
7,1000000000,2,0,0,23813338,2348243
8,1000000000,2,0,0,23813338,2362933
9,1000000000,2,0,0,23813338,2340462
10,1000000000,2,0,0,23813338,2359653
1,1000000000,2,1,1,23813338,2403348
2,1000000000,2,1,1,23813338,2396583
3,1000000000,2,1,1,23813338,2407041
4,1000000000,2,1,1,23813338,2405332
5,1000000000,2,1,1,23813338,2404569
6,1000000000,2,1,1,23813338,2410073
7,1000000000,2,1,1,23813338,2362366
8,1000000000,2,1,1,23813338,2335804
9,1000000000,2,1,1,23813338,2343897
10,1000000000,2,1,1,23813338,2348883
1,1000000000,2,2,2,23813338,2371137
2,1000000000,2,2,2,23813338,2353462
3,1000000000,2,2,2,23813338,2353142
4,1000000000,2,2,2,23813338,2360134
5,1000000000,2,2,2,23813338,2358369
6,1000000000,2,2,2,23813338,2353915
7,1000000000,2,2,2,23813338,2359570
8,1000000000,2,2,2,23813338,2356265
9,1000000000,2,2,2,23813338,2353883
10,1000000000,2,2,2,23813338,2332009
1,100000,4,0,0,2343,281
2,100000,4,0,0,2343,252
3,100000,4,0,0,2343,251
4,100000,4,0,0,2343,251
5,100000,4,0,0,2343,283
6,100000,4,0,0,2343,245
7,100000,4,0,0,2343,282
8,100000,4,0,0,2343,256
9,100000,4,0,0,2343,267
10,100000,4,0,0,2343,243
1,100000,4,1,1,2343,232
2,100000,4,1,1,2343,223
3,100000,4,1,1,2343,215
4,100000,4,1,1,2343,274
5,100000,4,1,1,2343,253
6,100000,4,1,1,2343,225
7,100000,4,1,1,2343,209
8,100000,4,1,1,2343,220
9,100000,4,1,1,2343,240
10,100000,4,1,1,2343,211
1,100000,4,2,2,2343,225
2,100000,4,2,2,2343,216
3,100000,4,2,2,2343,221
4,100000,4,2,2,2343,237
5,100000,4,2,2,2343,247
6,100000,4,2,2,2343,286
7,100000,4,2,2,2343,224
8,100000,4,2,2,2343,237
9,100000,4,2,2,2343,229
10,100000,4,2,2,2343,328
1,10000000,4,0,0,237619,10671
2,10000000,4,0,0,237619,10782
3,10000000,4,0,0,237619,10977
4,10000000,4,0,0,237619,10502
5,10000000,4,0,0,237619,12474
6,10000000,4,0,0,237619,12608
7,10000000,4,0,0,237619,10463
8,10000000,4,0,0,237619,12456
9,10000000,4,0,0,237619,10610
10,10000000,4,0,0,237619,10370
1,10000000,4,1,1,237619,9908
2,10000000,4,1,1,237619,12367
3,10000000,4,1,1,237619,12399
4,10000000,4,1,1,237619,9874
5,10000000,4,1,1,237619,16742
6,10000000,4,1,1,237619,12378
7,10000000,4,1,1,237619,9960
8,10000000,4,1,1,237619,12593
9,10000000,4,1,1,237619,16566
10,10000000,4,1,1,237619,9945
1,10000000,4,2,2,237619,9895
2,10000000,4,2,2,237619,9871
3,10000000,4,2,2,237619,13257
4,10000000,4,2,2,237619,10090
5,10000000,4,2,2,237619,13241
6,10000000,4,2,2,237619,10026
7,10000000,4,2,2,237619,10020
8,10000000,4,2,2,237619,10123
9,10000000,4,2,2,237619,10061
10,10000000,4,2,2,237619,9975
1,1000000000,4,0,0,23813338,1229255
2,1000000000,4,0,0,23813338,1229313
3,1000000000,4,0,0,23813338,1227155
4,1000000000,4,0,0,23813338,1226503
5,1000000000,4,0,0,23813338,1229315
6,1000000000,4,0,0,23813338,1227703
7,1000000000,4,0,0,23813338,1232697
8,1000000000,4,0,0,23813338,1225630
9,1000000000,4,0,0,23813338,1230113
10,1000000000,4,0,0,23813338,1229295
1,1000000000,4,1,1,23813338,1380428
2,1000000000,4,1,1,23813338,1375366
3,1000000000,4,1,1,23813338,1365693
4,1000000000,4,1,1,23813338,1379633
5,1000000000,4,1,1,23813338,1381878
6,1000000000,4,1,1,23813338,1374620
7,1000000000,4,1,1,23813338,1370189
8,1000000000,4,1,1,23813338,1388427
9,1000000000,4,1,1,23813338,1392259
10,1000000000,4,1,1,23813338,1365778
1,1000000000,4,2,2,23813338,1340997
2,1000000000,4,2,2,23813338,1335999
3,1000000000,4,2,2,23813338,1378405
4,1000000000,4,2,2,23813338,1355293
5,1000000000,4,2,2,23813338,1342384
6,1000000000,4,2,2,23813338,1334216
7,1000000000,4,2,2,23813338,1334628
8,1000000000,4,2,2,23813338,1342310
9,1000000000,4,2,2,23813338,1377563
10,1000000000,4,2,2,23813338,1342420
1,100000,8,0,0,2343,254
2,100000,8,0,0,2343,252
3,100000,8,0,0,2343,305
4,100000,8,0,0,2343,304
5,100000,8,0,0,2343,253
6,100000,8,0,0,2343,223
7,100000,8,0,0,2343,279
8,100000,8,0,0,2343,240
9,100000,8,0,0,2343,274
10,100000,8,0,0,2343,273
1,100000,8,1,1,2343,231
2,100000,8,1,1,2343,260
3,100000,8,1,1,2343,263
4,100000,8,1,1,2343,269
5,100000,8,1,1,2343,279
6,100000,8,1,1,2343,282
7,100000,8,1,1,2343,236
8,100000,8,1,1,2343,310
9,100000,8,1,1,2343,263
10,100000,8,1,1,2343,454
1,100000,8,2,2,2343,222
2,100000,8,2,2,2343,207
3,100000,8,2,2,2343,356
4,100000,8,2,2,2343,227
5,100000,8,2,2,2343,213
6,100000,8,2,2,2343,226
7,100000,8,2,2,2343,324
8,100000,8,2,2,2343,269
9,100000,8,2,2,2343,260
10,100000,8,2,2,2343,247
1,10000000,8,0,0,237619,6351
2,10000000,8,0,0,237619,6209
3,10000000,8,0,0,237619,6935
4,10000000,8,0,0,237619,6220
5,10000000,8,0,0,237619,6223
6,10000000,8,0,0,237619,6736
7,10000000,8,0,0,237619,6701
8,10000000,8,0,0,237619,6225
9,10000000,8,0,0,237619,6848
10,10000000,8,0,0,237619,6716
1,10000000,8,1,1,237619,7202
2,10000000,8,1,1,237619,6560
3,10000000,8,1,1,237619,9660
4,10000000,8,1,1,237619,7549
5,10000000,8,1,1,237619,7118
6,10000000,8,1,1,237619,8535
7,10000000,8,1,1,237619,7310
8,10000000,8,1,1,237619,7639
9,10000000,8,1,1,237619,7462
10,10000000,8,1,1,237619,7033
1,10000000,8,2,2,237619,6016
2,10000000,8,2,2,237619,5890
3,10000000,8,2,2,237619,5899
4,10000000,8,2,2,237619,6355
5,10000000,8,2,2,237619,7672
6,10000000,8,2,2,237619,5801
7,10000000,8,2,2,237619,5815
8,10000000,8,2,2,237619,6506
9,10000000,8,2,2,237619,6135
10,10000000,8,2,2,237619,6130
1,1000000000,8,0,0,23813338,738663
2,1000000000,8,0,0,23813338,735553
3,1000000000,8,0,0,23813338,734509
4,1000000000,8,0,0,23813338,731717
5,1000000000,8,0,0,23813338,736048
6,1000000000,8,0,0,23813338,735171
7,1000000000,8,0,0,23813338,733378
8,1000000000,8,0,0,23813338,736601
9,1000000000,8,0,0,23813338,734279
10,1000000000,8,0,0,23813338,737603
1,1000000000,8,1,1,23813338,809280
2,1000000000,8,1,1,23813338,800273
3,1000000000,8,1,1,23813338,807100
4,1000000000,8,1,1,23813338,796151
5,1000000000,8,1,1,23813338,840098
6,1000000000,8,1,1,23813338,802314
7,1000000000,8,1,1,23813338,803204
8,1000000000,8,1,1,23813338,804938
9,1000000000,8,1,1,23813338,799900
10,1000000000,8,1,1,23813338,802252
1,1000000000,8,2,2,23813338,794540
2,1000000000,8,2,2,23813338,829463
3,1000000000,8,2,2,23813338,799653
4,1000000000,8,2,2,23813338,794435
5,1000000000,8,2,2,23813338,791760
6,1000000000,8,2,2,23813338,879801
7,1000000000,8,2,2,23813338,791954
8,1000000000,8,2,2,23813338,799286
9,1000000000,8,2,2,23813338,793691
10,1000000000,8,2,2,23813338,838821
1,100000,16,0,0,2343,336
2,100000,16,0,0,2343,333
3,100000,16,0,0,2343,331
4,100000,16,0,0,2343,376
5,100000,16,0,0,2343,406
6,100000,16,0,0,2343,371
7,100000,16,0,0,2343,401
8,100000,16,0,0,2343,386
9,100000,16,0,0,2343,390
10,100000,16,0,0,2343,447
1,100000,16,1,1,2343,214
2,100000,16,1,1,2343,332
3,100000,16,1,1,2343,224
4,100000,16,1,1,2343,332
5,100000,16,1,1,2343,230
6,100000,16,1,1,2343,225
7,100000,16,1,1,2343,238
8,100000,16,1,1,2343,237
9,100000,16,1,1,2343,263
10,100000,16,1,1,2343,267
1,100000,16,2,2,2343,262
2,100000,16,2,2,2343,333
3,100000,16,2,2,2343,268
4,100000,16,2,2,2343,333
5,100000,16,2,2,2343,283
6,100000,16,2,2,2343,327
7,100000,16,2,2,2343,387
8,100000,16,2,2,2343,282
9,100000,16,2,2,2343,327
10,100000,16,2,2,2343,363
1,10000000,16,0,0,237619,6251
2,10000000,16,0,0,237619,5281
3,10000000,16,0,0,237619,5978
4,10000000,16,0,0,237619,5266
5,10000000,16,0,0,237619,5202
6,10000000,16,0,0,237619,5078
7,10000000,16,0,0,237619,5468
8,10000000,16,0,0,237619,5372
9,10000000,16,0,0,237619,5411
10,10000000,16,0,0,237619,5572
1,10000000,16,1,1,237619,7440
2,10000000,16,1,1,237619,7218
3,10000000,16,1,1,237619,7070
4,10000000,16,1,1,237619,7446
5,10000000,16,1,1,237619,6946
6,10000000,16,1,1,237619,7360
7,10000000,16,1,1,237619,7156
8,10000000,16,1,1,237619,7095
9,10000000,16,1,1,237619,6900
10,10000000,16,1,1,237619,6980
1,10000000,16,2,2,237619,5784
2,10000000,16,2,2,237619,5968
3,10000000,16,2,2,237619,5886
4,10000000,16,2,2,237619,5723
5,10000000,16,2,2,237619,5724
6,10000000,16,2,2,237619,5879
7,10000000,16,2,2,237619,5774
8,10000000,16,2,2,237619,5996
9,10000000,16,2,2,237619,5619
10,10000000,16,2,2,237619,5594
1,1000000000,16,0,0,23813338,572916
2,1000000000,16,0,0,23813338,519966
3,1000000000,16,0,0,23813338,546402
4,1000000000,16,0,0,23813338,566085
5,1000000000,16,0,0,23813338,577359
6,1000000000,16,0,0,23813338,565851
7,1000000000,16,0,0,23813338,567028
8,1000000000,16,0,0,23813338,564060
9,1000000000,16,0,0,23813338,567980
10,1000000000,16,0,0,23813338,558586
1,1000000000,16,1,1,23813338,661312
2,1000000000,16,1,1,23813338,634865
3,1000000000,16,1,1,23813338,751999
4,1000000000,16,1,1,23813338,612687
5,1000000000,16,1,1,23813338,818658
6,1000000000,16,1,1,23813338,654006
7,1000000000,16,1,1,23813338,673872
8,1000000000,16,1,1,23813338,591773
9,1000000000,16,1,1,23813338,642024
10,1000000000,16,1,1,23813338,755445
1,1000000000,16,2,2,23813338,708384
2,1000000000,16,2,2,23813338,571928
3,1000000000,16,2,2,23813338,705558
4,1000000000,16,2,2,23813338,580735
5,1000000000,16,2,2,23813338,598375
6,1000000000,16,2,2,23813338,701046
7,1000000000,16,2,2,23813338,596809
8,1000000000,16,2,2,23813338,697897
9,1000000000,16,2,2,23813338,691269
10,1000000000,16,2,2,23813338,596646
1,100000,24,0,0,2343,732
2,100000,24,0,0,2343,549
3,100000,24,0,0,2343,604
4,100000,24,0,0,2343,582
5,100000,24,0,0,2343,529
6,100000,24,0,0,2343,731
7,100000,24,0,0,2343,548
8,100000,24,0,0,2343,539
9,100000,24,0,0,2343,598
10,100000,24,0,0,2343,543
1,100000,24,1,1,2343,336
2,100000,24,1,1,2343,289
3,100000,24,1,1,2343,333
4,100000,24,1,1,2343,330
5,100000,24,1,1,2343,295
6,100000,24,1,1,2343,307
7,100000,24,1,1,2343,288
8,100000,24,1,1,2343,312
9,100000,24,1,1,2343,335
10,100000,24,1,1,2343,380
1,100000,24,2,2,2343,494
2,100000,24,2,2,2343,314
3,100000,24,2,2,2343,346
4,100000,24,2,2,2343,397
5,100000,24,2,2,2343,406
6,100000,24,2,2,2343,406
7,100000,24,2,2,2343,333
8,100000,24,2,2,2343,334
9,100000,24,2,2,2343,417
10,100000,24,2,2,2343,413
1,10000000,24,0,0,237619,4932
2,10000000,24,0,0,237619,4884
3,10000000,24,0,0,237619,4974
4,10000000,24,0,0,237619,5076
5,10000000,24,0,0,237619,5079
6,10000000,24,0,0,237619,5040
7,10000000,24,0,0,237619,5266
8,10000000,24,0,0,237619,5283
9,10000000,24,0,0,237619,5041
10,10000000,24,0,0,237619,4934
1,10000000,24,1,1,237619,6334
2,10000000,24,1,1,237619,5939
3,10000000,24,1,1,237619,6078
4,10000000,24,1,1,237619,6095
5,10000000,24,1,1,237619,6016
6,10000000,24,1,1,237619,6280
7,10000000,24,1,1,237619,6296
8,10000000,24,1,1,237619,6178
9,10000000,24,1,1,237619,6486
10,10000000,24,1,1,237619,6116
1,10000000,24,2,2,237619,5329
2,10000000,24,2,2,237619,5073
3,10000000,24,2,2,237619,5129
4,10000000,24,2,2,237619,5439
5,10000000,24,2,2,237619,5331
6,10000000,24,2,2,237619,5112
7,10000000,24,2,2,237619,5310
8,10000000,24,2,2,237619,4979
9,10000000,24,2,2,237619,4903
10,10000000,24,2,2,237619,5279
1,1000000000,24,0,0,23813338,526167
2,1000000000,24,0,0,23813338,526706
3,1000000000,24,0,0,23813338,537176
4,1000000000,24,0,0,23813338,528926
5,1000000000,24,0,0,23813338,529049
6,1000000000,24,0,0,23813338,532742
7,1000000000,24,0,0,23813338,532863
8,1000000000,24,0,0,23813338,529149
9,1000000000,24,0,0,23813338,522839
10,1000000000,24,0,0,23813338,532174
1,1000000000,24,1,1,23813338,709437
2,1000000000,24,1,1,23813338,709246
3,1000000000,24,1,1,23813338,632234
4,1000000000,24,1,1,23813338,646561
5,1000000000,24,1,1,23813338,686991
6,1000000000,24,1,1,23813338,657172
7,1000000000,24,1,1,23813338,625074
8,1000000000,24,1,1,23813338,718944
9,1000000000,24,1,1,23813338,648287
10,1000000000,24,1,1,23813338,700890
1,1000000000,24,2,2,23813338,548273
2,1000000000,24,2,2,23813338,601307
3,1000000000,24,2,2,23813338,535906
4,1000000000,24,2,2,23813338,558504
5,1000000000,24,2,2,23813338,525642
6,1000000000,24,2,2,23813338,540633
7,1000000000,24,2,2,23813338,594577
8,1000000000,24,2,2,23813338,617888
9,1000000000,24,2,2,23813338,557194
10,1000000000,24,2,2,23813338,617792
